Linux 6.6.87.2-microsoft-standard-WSL2 (BoringPC) 	12/01/25 	_x86_64_	(8 CPU)

# Time        UID       PID    %usr %system  %guest   %wait    %CPU   CPU  minflt/s  majflt/s     VSZ     RSS   %MEM  Command
19:13:18     1000      3146   54.00   32.00    0.00    0.00   86.00     0  59807.00    194.00  355836  259968   2.12  mono_euroc

# Time        UID       PID    %usr %system  %guest   %wait    %CPU   CPU  minflt/s  majflt/s     VSZ     RSS   %MEM  Command
19:13:19     1000      3146   68.00   33.00    0.00    0.00  101.00     1  73302.00      0.00  650580  553088   4.52  mono_euroc

# Time        UID       PID    %usr %system  %guest   %wait    %CPU   CPU  minflt/s  majflt/s     VSZ     RSS   %MEM  Command
19:13:20     1000      3146   68.00   37.00    0.00    0.00  105.00     1  78140.00      0.00  964276  865664   7.07  mono_euroc

# Time        UID       PID    %usr %system  %guest   %wait    %CPU   CPU  minflt/s  majflt/s     VSZ     RSS   %MEM  Command
19:13:21     1000      3146   67.00   38.00    0.00    0.00  105.00     1  78575.00      0.00 1280276 1180032   9.63  mono_euroc

# Time        UID       PID    %usr %system  %guest   %wait    %CPU   CPU  minflt/s  majflt/s     VSZ     RSS   %MEM  Command
19:13:22     1000      3146   64.00   42.00    0.00    0.00  106.00     1 104642.00      0.00 1702292 1598592  13.05  mono_euroc

# Time        UID       PID    %usr %system  %guest   %wait    %CPU   CPU  minflt/s  majflt/s     VSZ     RSS   %MEM  Command
19:13:23     1000      3146   38.00   67.00    0.00    0.00  105.00     1 148905.00      0.00 2301564 2194176  17.91  mono_euroc

# Time        UID       PID    %usr %system  %guest   %wait    %CPU   CPU  minflt/s  majflt/s     VSZ     RSS   %MEM  Command
19:13:24     1000      3146  102.00    4.00    0.00    0.00  106.00     1   9616.00      0.00 2340108 2232576  18.23  mono_euroc

# Time        UID       PID    %usr %system  %guest   %wait    %CPU   CPU  minflt/s  majflt/s     VSZ     RSS   %MEM  Command
19:13:25     1000      3146   97.00    7.00    0.00    0.00  104.00     1   9781.00      0.00 2379180 2271744  18.55  mono_euroc

# Time        UID       PID    %usr %system  %guest   %wait    %CPU   CPU  minflt/s  majflt/s     VSZ     RSS   %MEM  Command
19:13:26     1000      3146   94.00    7.00    0.00    0.00  101.00     1   9304.00      0.00 2416404 2308992  18.85  mono_euroc

# Time        UID       PID    %usr %system  %guest   %wait    %CPU   CPU  minflt/s  majflt/s     VSZ     RSS   %MEM  Command
19:13:27     1000      3146   97.00    5.00    0.00    0.00  102.00     1   8929.00      0.00 2452176 2344704  19.14  mono_euroc

# Time        UID       PID    %usr %system  %guest   %wait    %CPU   CPU  minflt/s  majflt/s     VSZ     RSS   %MEM  Command
19:13:28     1000      3146   95.00    6.00    0.00    0.00  101.00     1   8784.00      0.00 2487288 2379776  19.43  mono_euroc

# Time        UID       PID    %usr %system  %guest   %wait    %CPU   CPU  minflt/s  majflt/s     VSZ     RSS   %MEM  Command
19:13:29     1000      3146   98.00    4.00    0.00    0.00  102.00     1   8921.00      0.00 2522928 2415488  19.72  mono_euroc

# Time        UID       PID    %usr %system  %guest   %wait    %CPU   CPU  minflt/s  majflt/s     VSZ     RSS   %MEM  Command
19:13:30     1000      3146   97.00    4.00    0.00    0.00  101.00     1   8904.00      0.00 2558568 2451072  20.01  mono_euroc

# Time        UID       PID    %usr %system  %guest   %wait    %CPU   CPU  minflt/s  majflt/s     VSZ     RSS   %MEM  Command
19:13:31     1000      3146   94.00    8.00    0.00    0.00  102.00     1   9226.00      0.00 2595528 2488064  20.31  mono_euroc

# Time        UID       PID    %usr %system  %guest   %wait    %CPU   CPU  minflt/s  majflt/s     VSZ     RSS   %MEM  Command
19:13:32     1000      3146   97.00    5.00    0.00    0.00  102.00     1   9441.00      0.00 2633280 2525824  20.62  mono_euroc

# Time        UID       PID    %usr %system  %guest   %wait    %CPU   CPU  minflt/s  majflt/s     VSZ     RSS   %MEM  Command
19:13:33     1000      3146   96.00    6.00    0.00    0.00  102.00     1   9670.00      0.00 2671956 2564480  20.94  mono_euroc

# Time        UID       PID    %usr %system  %guest   %wait    %CPU   CPU  minflt/s  majflt/s     VSZ     RSS   %MEM  Command
19:13:34     1000      3146   96.00    5.00    0.00    0.00  101.00     1   9755.00      0.00 2710896 2603520  21.25  mono_euroc

# Time        UID       PID    %usr %system  %guest   %wait    %CPU   CPU  minflt/s  majflt/s     VSZ     RSS   %MEM  Command
19:13:35     1000      3146   97.00    5.00    0.00    0.00  102.00     1   9867.00      0.00 2750364 2642944  21.58  mono_euroc

# Time        UID       PID    %usr %system  %guest   %wait    %CPU   CPU  minflt/s  majflt/s     VSZ     RSS   %MEM  Command
19:13:36     1000      3146   99.00    3.00    0.00    0.00  102.00     1   8640.00      0.00 2784948 2677504  21.86  mono_euroc

# Time        UID       PID    %usr %system  %guest   %wait    %CPU   CPU  minflt/s  majflt/s     VSZ     RSS   %MEM  Command
19:13:37     1000      3146    7.00   28.00    0.00    0.00   35.00     1  26316.00    902.00 38171884 2844160  23.22  mono_euroc

# Time        UID       PID    %usr %system  %guest   %wait    %CPU   CPU  minflt/s  majflt/s     VSZ     RSS   %MEM  Command
19:13:38     1000      3146   54.00   15.00    0.00    0.00   69.00     1   3862.00    309.00 38266976 2878208  23.50  mono_euroc

# Time        UID       PID    %usr %system  %guest   %wait    %CPU   CPU  minflt/s  majflt/s     VSZ     RSS   %MEM  Command
19:13:39     1000      3146   91.00    3.00    0.00    0.00   94.00     1    781.00    109.00 39187116 2887680  23.57  mono_euroc

# Time        UID       PID    %usr %system  %guest   %wait    %CPU   CPU  minflt/s  majflt/s     VSZ     RSS   %MEM  Command
19:13:40     1000      3146   18.00   27.00    0.00    0.00   45.00     1  12241.00   1085.00 40397224 3037952  24.80  mono_euroc

# Time        UID       PID    %usr %system  %guest   %wait    %CPU   CPU  minflt/s  majflt/s     VSZ     RSS   %MEM  Command
19:13:41     1000      3146   60.00   38.00    0.00    0.00   98.00     1  14618.00    774.00 40786424 3125308  25.51  mono_euroc

# Time        UID       PID    %usr %system  %guest   %wait    %CPU   CPU  minflt/s  majflt/s     VSZ     RSS   %MEM  Command
19:13:42     1000      3146  141.00   67.00    0.00    0.00  208.00     5  18862.00     14.00 40786424 3138340  25.62  mono_euroc

# Time        UID       PID    %usr %system  %guest   %wait    %CPU   CPU  minflt/s  majflt/s     VSZ     RSS   %MEM  Command
19:13:43     1000      3146  154.00   69.00    0.00    0.00  223.00     2  17119.00      0.00 40786680 3143352  25.66  mono_euroc

# Time        UID       PID    %usr %system  %guest   %wait    %CPU   CPU  minflt/s  majflt/s     VSZ     RSS   %MEM  Command
19:13:45     1000      3146  155.00   74.00    0.00    0.00  229.00     6  15693.00      0.00 40787704 3146680  25.69  mono_euroc

# Time        UID       PID    %usr %system  %guest   %wait    %CPU   CPU  minflt/s  majflt/s     VSZ     RSS   %MEM  Command
19:13:46     1000      3146  152.00   79.00    0.00    0.00  231.00     0  15270.00      1.00 40787704 3148600  25.70  mono_euroc

# Time        UID       PID    %usr %system  %guest   %wait    %CPU   CPU  minflt/s  majflt/s     VSZ     RSS   %MEM  Command
19:13:47     1000      3146  166.00   73.00    0.00    1.00  239.00     7  28056.00      0.00 40792448 3154976  25.76  mono_euroc

# Time        UID       PID    %usr %system  %guest   %wait    %CPU   CPU  minflt/s  majflt/s     VSZ     RSS   %MEM  Command
19:13:48     1000      3146  182.00   72.00    0.00    0.00  254.00     6  16046.00      0.00 40788216 3151328  25.73  mono_euroc

# Time        UID       PID    %usr %system  %guest   %wait    %CPU   CPU  minflt/s  majflt/s     VSZ     RSS   %MEM  Command
19:13:49     1000      3146  164.00   69.00    0.00    0.00  233.00     0  17460.00      0.00 40787192 3153668  25.75  mono_euroc

# Time        UID       PID    %usr %system  %guest   %wait    %CPU   CPU  minflt/s  majflt/s     VSZ     RSS   %MEM  Command
19:13:50     1000      3146  156.00   78.00    0.00    0.00  234.00     6  17317.00      0.00 40788216 3155184  25.76  mono_euroc

# Time        UID       PID    %usr %system  %guest   %wait    %CPU   CPU  minflt/s  majflt/s     VSZ     RSS   %MEM  Command
19:13:51     1000      3146  160.00   70.00    0.00    0.00  230.00     7  16303.00      0.00 40792448 3156680  25.77  mono_euroc

# Time        UID       PID    %usr %system  %guest   %wait    %CPU   CPU  minflt/s  majflt/s     VSZ     RSS   %MEM  Command
19:13:52     1000      3146  171.00   75.00    0.00    0.00  246.00     1  15168.00      0.00 40788216 3158384  25.78  mono_euroc

# Time        UID       PID    %usr %system  %guest   %wait    %CPU   CPU  minflt/s  majflt/s     VSZ     RSS   %MEM  Command
19:13:53     1000      3146  155.00   76.00    0.00    0.00  231.00     4  15213.00      0.00 40788216 3159912  25.80  mono_euroc

# Time        UID       PID    %usr %system  %guest   %wait    %CPU   CPU  minflt/s  majflt/s     VSZ     RSS   %MEM  Command
19:13:54     1000      3146  153.00   85.00    0.00    0.00  238.00     2  14335.00      0.00 40788216 3162224  25.82  mono_euroc

# Time        UID       PID    %usr %system  %guest   %wait    %CPU   CPU  minflt/s  majflt/s     VSZ     RSS   %MEM  Command
19:13:55     1000      3146  192.00   68.00    0.00    1.00  260.00     2  22578.00      0.00 40791936 3163432  25.83  mono_euroc

# Time        UID       PID    %usr %system  %guest   %wait    %CPU   CPU  minflt/s  majflt/s     VSZ     RSS   %MEM  Command
19:13:56     1000      3146  178.00   70.00    0.00    0.00  248.00     2  21683.00      0.00 40791936 3168388  25.87  mono_euroc

# Time        UID       PID    %usr %system  %guest   %wait    %CPU   CPU  minflt/s  majflt/s     VSZ     RSS   %MEM  Command
19:13:57     1000      3146  180.00   84.00    0.00    0.00  264.00     6  17230.00      0.00 40788216 3167048  25.85  mono_euroc

# Time        UID       PID    %usr %system  %guest   %wait    %CPU   CPU  minflt/s  majflt/s     VSZ     RSS   %MEM  Command
19:13:58     1000      3146  164.00   70.00    0.00    0.00  234.00     3  16067.00      0.00 40788216 3167776  25.86  mono_euroc

# Time        UID       PID    %usr %system  %guest   %wait    %CPU   CPU  minflt/s  majflt/s     VSZ     RSS   %MEM  Command
19:13:59     1000      3146  167.00   71.00    0.00    0.00  238.00     3  16628.00      0.00 40792448 3170688  25.88  mono_euroc

# Time        UID       PID    %usr %system  %guest   %wait    %CPU   CPU  minflt/s  majflt/s     VSZ     RSS   %MEM  Command
19:14:00     1000      3146  167.00   74.00    0.00    0.00  241.00     4  14616.00      0.00 40788216 3169920  25.88  mono_euroc

# Time        UID       PID    %usr %system  %guest   %wait    %CPU   CPU  minflt/s  majflt/s     VSZ     RSS   %MEM  Command
19:14:01     1000      3146  160.00   76.00    0.00    0.00  236.00     3  17528.00      0.00 40788216 3172284  25.90  mono_euroc

# Time        UID       PID    %usr %system  %guest   %wait    %CPU   CPU  minflt/s  majflt/s     VSZ     RSS   %MEM  Command
19:14:02     1000      3146  166.00   74.00    0.00    0.00  240.00     3  13940.00      0.00 40787704 3177380  25.94  mono_euroc

# Time        UID       PID    %usr %system  %guest   %wait    %CPU   CPU  minflt/s  majflt/s     VSZ     RSS   %MEM  Command
19:14:03     1000      3146  156.00   81.00    0.00    0.00  237.00     7  16928.00      0.00 40787704 3177388  25.94  mono_euroc

# Time        UID       PID    %usr %system  %guest   %wait    %CPU   CPU  minflt/s  majflt/s     VSZ     RSS   %MEM  Command
19:14:04     1000      3146  160.00   73.00    0.00    0.00  233.00     6  16352.00      0.00 40788728 3179288  25.95  mono_euroc

# Time        UID       PID    %usr %system  %guest   %wait    %CPU   CPU  minflt/s  majflt/s     VSZ     RSS   %MEM  Command
19:14:05     1000      3146  160.00   73.00    0.00    1.00  233.00     2  18367.00      0.00 40792960 3184928  26.00  mono_euroc

# Time        UID       PID    %usr %system  %guest   %wait    %CPU   CPU  minflt/s  majflt/s     VSZ     RSS   %MEM  Command
19:14:06     1000      3146  167.00   81.00    0.00    0.00  248.00     1  17432.00      0.00 40792960 3187092  26.02  mono_euroc

# Time        UID       PID    %usr %system  %guest   %wait    %CPU   CPU  minflt/s  majflt/s     VSZ     RSS   %MEM  Command
19:14:07     1000      3146  172.00   65.00    0.00    0.00  237.00     1  16142.00      0.00 40792960 3188204  26.03  mono_euroc

# Time        UID       PID    %usr %system  %guest   %wait    %CPU   CPU  minflt/s  majflt/s     VSZ     RSS   %MEM  Command
19:14:08     1000      3146  160.00   71.00    0.00    0.00  231.00     1  16929.00      0.00 40788728 3184020  25.99  mono_euroc

# Time        UID       PID    %usr %system  %guest   %wait    %CPU   CPU  minflt/s  majflt/s     VSZ     RSS   %MEM  Command
19:14:09     1000      3146  168.00   66.00    0.00    0.00  234.00     1  14814.00      0.00 40788728 3184048  25.99  mono_euroc

# Time        UID       PID    %usr %system  %guest   %wait    %CPU   CPU  minflt/s  majflt/s     VSZ     RSS   %MEM  Command
19:14:10     1000      3146  164.00   84.00    0.00    0.00  248.00     1  15765.00      0.00 40792960 3191944  26.06  mono_euroc

# Time        UID       PID    %usr %system  %guest   %wait    %CPU   CPU  minflt/s  majflt/s     VSZ     RSS   %MEM  Command
19:14:11     1000      3146  172.00   70.00    0.00    0.00  242.00     1  15002.00      0.00 40788728 3188472  26.03  mono_euroc

# Time        UID       PID    %usr %system  %guest   %wait    %CPU   CPU  minflt/s  majflt/s     VSZ     RSS   %MEM  Command
19:14:12     1000      3146  174.00   66.00    0.00    1.00  240.00     1  15870.00      0.00 40788728 3188396  26.03  mono_euroc

# Time        UID       PID    %usr %system  %guest   %wait    %CPU   CPU  minflt/s  majflt/s     VSZ     RSS   %MEM  Command
19:14:13     1000      3146  150.00   76.00    0.00    0.00  226.00     1  15889.00      0.00 40788728 3188592  26.03  mono_euroc

# Time        UID       PID    %usr %system  %guest   %wait    %CPU   CPU  minflt/s  majflt/s     VSZ     RSS   %MEM  Command
19:14:14     1000      3146  160.00   77.00    0.00    0.00  237.00     3  16418.00      0.00 40792960 3190768  26.05  mono_euroc

# Time        UID       PID    %usr %system  %guest   %wait    %CPU   CPU  minflt/s  majflt/s     VSZ     RSS   %MEM  Command
19:14:15     1000      3146  168.00   75.00    0.00    0.00  243.00     7  13760.00      0.00 40792960 3190768  26.05  mono_euroc

# Time        UID       PID    %usr %system  %guest   %wait    %CPU   CPU  minflt/s  majflt/s     VSZ     RSS   %MEM  Command
19:14:16     1000      3146  160.00   77.00    0.00    0.00  237.00     1  15316.00      0.00 40788728 3188600  26.03  mono_euroc

# Time        UID       PID    %usr %system  %guest   %wait    %CPU   CPU  minflt/s  majflt/s     VSZ     RSS   %MEM  Command
19:14:17     1000      3146  154.00   75.00    0.00    0.00  229.00     6  17147.00      0.00 40788728 3189496  26.04  mono_euroc

# Time        UID       PID    %usr %system  %guest   %wait    %CPU   CPU  minflt/s  majflt/s     VSZ     RSS   %MEM  Command
19:14:18     1000      3146  174.00   79.00    0.00    0.00  253.00     7  15875.00      0.00 40788728 3189672  26.04  mono_euroc

# Time        UID       PID    %usr %system  %guest   %wait    %CPU   CPU  minflt/s  majflt/s     VSZ     RSS   %MEM  Command
19:14:19     1000      3146  155.00   80.00    0.00    1.00  235.00     4  15888.00      0.00 40788728 3189800  26.04  mono_euroc

# Time        UID       PID    %usr %system  %guest   %wait    %CPU   CPU  minflt/s  majflt/s     VSZ     RSS   %MEM  Command
19:14:20     1000      3146  161.00   82.00    0.00    1.00  243.00     1  15119.00      0.00 40788728 3190952  26.05  mono_euroc

# Time        UID       PID    %usr %system  %guest   %wait    %CPU   CPU  minflt/s  majflt/s     VSZ     RSS   %MEM  Command
19:14:21     1000      3146  159.00   86.00    0.00    0.00  245.00     5  17001.00      0.00 40788728 3191136  26.05  mono_euroc

# Time        UID       PID    %usr %system  %guest   %wait    %CPU   CPU  minflt/s  majflt/s     VSZ     RSS   %MEM  Command
19:14:22     1000      3146  168.00   67.00    0.00    0.00  235.00     1  16996.00      0.00 40792960 3195568  26.09  mono_euroc

# Time        UID       PID    %usr %system  %guest   %wait    %CPU   CPU  minflt/s  majflt/s     VSZ     RSS   %MEM  Command
19:14:23     1000      3146  167.00   74.00    0.00    0.00  241.00     1  14143.00      0.00 40788728 3192660  26.06  mono_euroc

# Time        UID       PID    %usr %system  %guest   %wait    %CPU   CPU  minflt/s  majflt/s     VSZ     RSS   %MEM  Command
19:14:24     1000      3146  165.00   76.00    0.00    1.00  241.00     1  14660.00      0.00 40792960 3196424  26.09  mono_euroc

# Time        UID       PID    %usr %system  %guest   %wait    %CPU   CPU  minflt/s  majflt/s     VSZ     RSS   %MEM  Command
19:14:25     1000      3146  167.00   76.00    0.00    0.00  243.00     3  17103.00      0.00 40792960 3197224  26.10  mono_euroc

# Time        UID       PID    %usr %system  %guest   %wait    %CPU   CPU  minflt/s  majflt/s     VSZ     RSS   %MEM  Command
19:14:26     1000      3146  173.00   70.00    0.00    1.00  243.00     1  16197.00      0.00 40788728 3194280  26.08  mono_euroc

# Time        UID       PID    %usr %system  %guest   %wait    %CPU   CPU  minflt/s  majflt/s     VSZ     RSS   %MEM  Command
19:14:27     1000      3146  174.00   73.00    0.00    0.00  247.00     5  14934.00      0.00 40788728 3194792  26.08  mono_euroc

# Time        UID       PID    %usr %system  %guest   %wait    %CPU   CPU  minflt/s  majflt/s     VSZ     RSS   %MEM  Command
19:14:28     1000      3146  175.00   81.00    0.00    0.00  256.00     4  15194.00      0.00 40788728 3195668  26.09  mono_euroc

# Time        UID       PID    %usr %system  %guest   %wait    %CPU   CPU  minflt/s  majflt/s     VSZ     RSS   %MEM  Command
19:14:29     1000      3146  160.00   83.00    0.00    0.00  243.00     7  17169.00      0.00 40788728 3195660  26.09  mono_euroc

# Time        UID       PID    %usr %system  %guest   %wait    %CPU   CPU  minflt/s  majflt/s     VSZ     RSS   %MEM  Command
19:14:30     1000      3146  163.00   83.00    0.00    0.00  246.00     0  15872.00      0.00 40788728 3195620  26.09  mono_euroc

# Time        UID       PID    %usr %system  %guest   %wait    %CPU   CPU  minflt/s  majflt/s     VSZ     RSS   %MEM  Command
19:14:31     1000      3146  177.00   78.00    0.00    0.00  255.00     1  14316.00      0.00 40854264 3197884  26.11  mono_euroc

# Time        UID       PID    %usr %system  %guest   %wait    %CPU   CPU  minflt/s  majflt/s     VSZ     RSS   %MEM  Command
19:14:32     1000      3146  160.00   91.00    0.00    1.00  251.00     5  14933.00      0.00 40854264 3198268  26.11  mono_euroc

# Time        UID       PID    %usr %system  %guest   %wait    %CPU   CPU  minflt/s  majflt/s     VSZ     RSS   %MEM  Command
19:14:33     1000      3146  148.00   84.00    0.00    0.00  232.00     3  14812.00      0.00 40854264 3198308  26.11  mono_euroc

# Time        UID       PID    %usr %system  %guest   %wait    %CPU   CPU  minflt/s  majflt/s     VSZ     RSS   %MEM  Command
19:14:34     1000      3146  160.00   72.00    0.00    0.00  232.00     1  16049.00      0.00 40854264 3196904  26.10  mono_euroc

# Time        UID       PID    %usr %system  %guest   %wait    %CPU   CPU  minflt/s  majflt/s     VSZ     RSS   %MEM  Command
19:14:35     1000      3146  167.00   74.00    0.00    0.00  241.00     2  18219.00      0.00 40858496 3198868  26.11  mono_euroc

# Time        UID       PID    %usr %system  %guest   %wait    %CPU   CPU  minflt/s  majflt/s     VSZ     RSS   %MEM  Command
19:14:36     1000      3146  168.00   76.00    0.00    0.00  244.00     2  17828.00      0.00 40858496 3201284  26.13  mono_euroc

# Time        UID       PID    %usr %system  %guest   %wait    %CPU   CPU  minflt/s  majflt/s     VSZ     RSS   %MEM  Command
19:14:37     1000      3146  165.00   74.00    0.00    0.00  239.00     0  16524.00      0.00 40854264 3199740  26.12  mono_euroc

# Time        UID       PID    %usr %system  %guest   %wait    %CPU   CPU  minflt/s  majflt/s     VSZ     RSS   %MEM  Command
19:14:38     1000      3146  165.00   68.00    0.00    0.00  233.00     6  17063.00      0.00 40854264 3200380  26.13  mono_euroc

# Time        UID       PID    %usr %system  %guest   %wait    %CPU   CPU  minflt/s  majflt/s     VSZ     RSS   %MEM  Command
19:14:39     1000      3146  168.00   72.00    0.00    1.00  240.00     2  14109.00      0.00 40854264 3201788  26.14  mono_euroc

# Time        UID       PID    %usr %system  %guest   %wait    %CPU   CPU  minflt/s  majflt/s     VSZ     RSS   %MEM  Command
19:14:40     1000      3146  158.00   67.00    0.00    0.00  225.00     3  17080.00      0.00 40854264 3202360  26.14  mono_euroc

# Time        UID       PID    %usr %system  %guest   %wait    %CPU   CPU  minflt/s  majflt/s     VSZ     RSS   %MEM  Command
19:14:41     1000      3146  162.00   64.00    0.00    0.00  226.00     7  17125.00      0.00 40854264 3203264  26.15  mono_euroc

# Time        UID       PID    %usr %system  %guest   %wait    %CPU   CPU  minflt/s  majflt/s     VSZ     RSS   %MEM  Command
19:14:42     1000      3146  166.00   62.00    0.00    0.00  228.00     6  14948.00      0.00 40854264 3203768  26.15  mono_euroc

# Time        UID       PID    %usr %system  %guest   %wait    %CPU   CPU  minflt/s  majflt/s     VSZ     RSS   %MEM  Command
19:14:43     1000      3146  161.00   74.00    0.00    0.00  235.00     6  15761.00      0.00 40858496 3207528  26.19  mono_euroc

# Time        UID       PID    %usr %system  %guest   %wait    %CPU   CPU  minflt/s  majflt/s     VSZ     RSS   %MEM  Command
19:14:44     1000      3146  158.00   85.00    0.00    0.00  243.00     6  16218.00      0.00 40854264 3204800  26.16  mono_euroc

# Time        UID       PID    %usr %system  %guest   %wait    %CPU   CPU  minflt/s  majflt/s     VSZ     RSS   %MEM  Command
19:14:45     1000      3146  161.00   76.00    0.00    0.00  237.00     3  17125.00      0.00 40854264 3209568  26.20  mono_euroc

# Time        UID       PID    %usr %system  %guest   %wait    %CPU   CPU  minflt/s  majflt/s     VSZ     RSS   %MEM  Command
19:14:46     1000      3146  169.00   81.00    0.00    0.00  250.00     5  16927.00      0.00 40858496 3213656  26.24  mono_euroc

# Time        UID       PID    %usr %system  %guest   %wait    %CPU   CPU  minflt/s  majflt/s     VSZ     RSS   %MEM  Command
19:14:47     1000      3146  176.00   61.00    0.00    0.00  237.00     4  16761.00      0.00 40854264 3213144  26.23  mono_euroc

# Time        UID       PID    %usr %system  %guest   %wait    %CPU   CPU  minflt/s  majflt/s     VSZ     RSS   %MEM  Command
19:14:48     1000      3146  169.00   68.00    0.00    0.00  237.00     1  15870.00      0.00 40854264 3213144  26.23  mono_euroc

# Time        UID       PID    %usr %system  %guest   %wait    %CPU   CPU  minflt/s  majflt/s     VSZ     RSS   %MEM  Command
19:14:49     1000      3146  153.00   62.00    0.00    0.00  215.00     4  17165.00      0.00 40858496 3218368  26.27  mono_euroc

# Time        UID       PID    %usr %system  %guest   %wait    %CPU   CPU  minflt/s  majflt/s     VSZ     RSS   %MEM  Command
19:14:51     1000      3146  170.00   75.00    0.00    0.00  245.00     5  16054.00      0.00 40854264 3214880  26.25  mono_euroc

# Time        UID       PID    %usr %system  %guest   %wait    %CPU   CPU  minflt/s  majflt/s     VSZ     RSS   %MEM  Command
19:14:52     1000      3146  161.00   67.00    0.00    0.00  228.00     5  15889.00      0.00 40854264 3215024  26.25  mono_euroc

# Time        UID       PID    %usr %system  %guest   %wait    %CPU   CPU  minflt/s  majflt/s     VSZ     RSS   %MEM  Command
19:14:53     1000      3146  169.00   77.00    0.00    0.00  246.00     3  16721.00      0.00 40854264 3218496  26.27  mono_euroc

# Time        UID       PID    %usr %system  %guest   %wait    %CPU   CPU  minflt/s  majflt/s     VSZ     RSS   %MEM  Command
19:14:54     1000      3146  162.00   67.00    0.00    0.00  229.00     4  17538.00      0.00 40854264 3220928  26.29  mono_euroc

# Time        UID       PID    %usr %system  %guest   %wait    %CPU   CPU  minflt/s  majflt/s     VSZ     RSS   %MEM  Command
19:14:55     1000      3146  156.00   66.00    0.00    1.00  222.00     2  16280.00      0.00 40854264 3222592  26.31  mono_euroc

# Time        UID       PID    %usr %system  %guest   %wait    %CPU   CPU  minflt/s  majflt/s     VSZ     RSS   %MEM  Command
19:14:56     1000      3146  177.00   69.00    0.00    0.00  246.00     2  18067.00      0.00 40854264 3227072  26.34  mono_euroc

# Time        UID       PID    %usr %system  %guest   %wait    %CPU   CPU  minflt/s  majflt/s     VSZ     RSS   %MEM  Command
19:14:57     1000      3146  165.00   60.00    0.00    0.00  225.00     6  18650.00      0.00 40854264 3229768  26.37  mono_euroc

# Time        UID       PID    %usr %system  %guest   %wait    %CPU   CPU  minflt/s  majflt/s     VSZ     RSS   %MEM  Command
19:14:58     1000      3146  173.00   70.00    0.00    0.00  243.00     6  16544.00      0.00 40858496 3232328  26.39  mono_euroc

# Time        UID       PID    %usr %system  %guest   %wait    %CPU   CPU  minflt/s  majflt/s     VSZ     RSS   %MEM  Command
19:14:59     1000      3146  169.00   73.00    0.00    0.00  242.00     2  16284.00      0.00 40854264 3229880  26.37  mono_euroc

# Time        UID       PID    %usr %system  %guest   %wait    %CPU   CPU  minflt/s  majflt/s     VSZ     RSS   %MEM  Command
19:15:00     1000      3146  170.00   75.00    0.00    0.00  245.00     2  17236.00      0.00 40858496 3230896  26.38  mono_euroc

# Time        UID       PID    %usr %system  %guest   %wait    %CPU   CPU  minflt/s  majflt/s     VSZ     RSS   %MEM  Command
19:15:01     1000      3146  171.00   75.00    0.00    0.00  246.00     6  18938.00      0.00 40854264 3236984  26.43  mono_euroc

# Time        UID       PID    %usr %system  %guest   %wait    %CPU   CPU  minflt/s  majflt/s     VSZ     RSS   %MEM  Command
19:15:02     1000      3146  191.00   70.00    0.00    0.00  261.00     4  15443.00      0.00 40854264 3239552  26.45  mono_euroc

# Time        UID       PID    %usr %system  %guest   %wait    %CPU   CPU  minflt/s  majflt/s     VSZ     RSS   %MEM  Command
19:15:03     1000      3146  174.00   75.00    0.00    0.00  249.00     2  16939.00      0.00 40854264 3239552  26.45  mono_euroc

# Time        UID       PID    %usr %system  %guest   %wait    %CPU   CPU  minflt/s  majflt/s     VSZ     RSS   %MEM  Command
19:15:04     1000      3146  169.00   65.00    0.00    0.00  234.00     2  18167.00      0.00 40854264 3248640  26.52  mono_euroc

# Time        UID       PID    %usr %system  %guest   %wait    %CPU   CPU  minflt/s  majflt/s     VSZ     RSS   %MEM  Command
19:15:05     1000      3146  178.00   71.00    0.00    0.00  249.00     2  17634.00      0.00 40854264 3251408  26.54  mono_euroc

# Time        UID       PID    %usr %system  %guest   %wait    %CPU   CPU  minflt/s  majflt/s     VSZ     RSS   %MEM  Command
19:15:06     1000      3146  171.29   67.33    0.00    0.00  238.61     3  15694.06      0.00 40858496 3255504  26.58  mono_euroc

# Time        UID       PID    %usr %system  %guest   %wait    %CPU   CPU  minflt/s  majflt/s     VSZ     RSS   %MEM  Command
19:15:07     1000      3146  194.00   71.00    0.00    0.00  265.00     2  15436.00      0.00 40854264 3253748  26.56  mono_euroc

# Time        UID       PID    %usr %system  %guest   %wait    %CPU   CPU  minflt/s  majflt/s     VSZ     RSS   %MEM  Command
19:15:08     1000      3146  167.00   64.00    0.00    0.00  231.00     4  16515.00      0.00 40858496 3260836  26.62  mono_euroc

# Time        UID       PID    %usr %system  %guest   %wait    %CPU   CPU  minflt/s  majflt/s     VSZ     RSS   %MEM  Command
19:15:09     1000      3146  175.00   71.00    0.00    0.00  246.00     3  15239.00      0.00 40854264 3258404  26.60  mono_euroc

# Time        UID       PID    %usr %system  %guest   %wait    %CPU   CPU  minflt/s  majflt/s     VSZ     RSS   %MEM  Command
19:15:10     1000      3146  185.00   76.00    0.00    0.00  261.00     3  15093.00      0.00 40854264 3259556  26.61  mono_euroc

# Time        UID       PID    %usr %system  %guest   %wait    %CPU   CPU  minflt/s  majflt/s     VSZ     RSS   %MEM  Command
19:15:11     1000      3146  176.00   69.00    0.00    0.00  245.00     3  16486.00      0.00 40854264 3260692  26.62  mono_euroc

# Time        UID       PID    %usr %system  %guest   %wait    %CPU   CPU  minflt/s  majflt/s     VSZ     RSS   %MEM  Command
19:15:12     1000      3146  186.00   67.00    0.00    1.00  253.00     0  14846.00      0.00 40854264 3260692  26.62  mono_euroc

# Time        UID       PID    %usr %system  %guest   %wait    %CPU   CPU  minflt/s  majflt/s     VSZ     RSS   %MEM  Command
19:15:13     1000      3146  178.00   73.00    0.00    0.00  251.00     4  16724.00      0.00 40858496 3263324  26.64  mono_euroc

# Time        UID       PID    %usr %system  %guest   %wait    %CPU   CPU  minflt/s  majflt/s     VSZ     RSS   %MEM  Command
19:15:14     1000      3146  170.00   71.00    0.00    0.00  241.00     7  16971.00      0.00 40919800 3261796  26.63  mono_euroc

# Time        UID       PID    %usr %system  %guest   %wait    %CPU   CPU  minflt/s  majflt/s     VSZ     RSS   %MEM  Command
19:15:15     1000      3146  195.00   62.00    0.00    0.00  257.00     3  15702.00      0.00 40924032 3265236  26.66  mono_euroc

# Time        UID       PID    %usr %system  %guest   %wait    %CPU   CPU  minflt/s  majflt/s     VSZ     RSS   %MEM  Command
19:15:16     1000      3146  190.00   68.00    0.00    0.00  258.00     1  17364.00      0.00 40919800 3266816  26.67  mono_euroc

# Time        UID       PID    %usr %system  %guest   %wait    %CPU   CPU  minflt/s  majflt/s     VSZ     RSS   %MEM  Command
19:15:17     1000      3146  177.00   59.00    0.00    0.00  236.00     2  18120.00      0.00 40919800 3268216  26.68  mono_euroc

# Time        UID       PID    %usr %system  %guest   %wait    %CPU   CPU  minflt/s  majflt/s     VSZ     RSS   %MEM  Command
19:15:18     1000      3146  180.00   64.00    0.00    0.00  244.00     2  17019.00      0.00 40919800 3268404  26.68  mono_euroc

# Time        UID       PID    %usr %system  %guest   %wait    %CPU   CPU  minflt/s  majflt/s     VSZ     RSS   %MEM  Command
19:15:19     1000      3146  175.00   63.00    0.00    0.00  238.00     1  15886.00      0.00 40919800 3266348  26.67  mono_euroc

# Time        UID       PID    %usr %system  %guest   %wait    %CPU   CPU  minflt/s  majflt/s     VSZ     RSS   %MEM  Command
19:15:20     1000      3146  181.00   62.00    0.00    0.00  243.00     3  18178.00      0.00 40919800 3271332  26.71  mono_euroc

# Time        UID       PID    %usr %system  %guest   %wait    %CPU   CPU  minflt/s  majflt/s     VSZ     RSS   %MEM  Command
19:15:21     1000      3146  169.00   68.00    0.00    0.00  237.00     2  16663.00      0.00 40919800 3274532  26.73  mono_euroc

# Time        UID       PID    %usr %system  %guest   %wait    %CPU   CPU  minflt/s  majflt/s     VSZ     RSS   %MEM  Command
19:15:22     1000      3146  168.00   71.00    0.00    1.00  239.00     1  16406.00      0.00 40919800 3276716  26.75  mono_euroc

# Time        UID       PID    %usr %system  %guest   %wait    %CPU   CPU  minflt/s  majflt/s     VSZ     RSS   %MEM  Command
19:15:23     1000      3146  167.00   69.00    0.00    0.00  236.00     0  18066.00      0.00 40924032 3285484  26.82  mono_euroc

# Time        UID       PID    %usr %system  %guest   %wait    %CPU   CPU  minflt/s  majflt/s     VSZ     RSS   %MEM  Command
19:15:24     1000      3146  173.00   70.00    0.00    0.00  243.00     4  16383.00      0.00 40919800 3283176  26.80  mono_euroc

# Time        UID       PID    %usr %system  %guest   %wait    %CPU   CPU  minflt/s  majflt/s     VSZ     RSS   %MEM  Command
19:15:25     1000      3146  177.00   68.00    0.00    0.00  245.00     4  15980.00      0.00 40924032 3287896  26.84  mono_euroc

# Time        UID       PID    %usr %system  %guest   %wait    %CPU   CPU  minflt/s  majflt/s     VSZ     RSS   %MEM  Command
19:15:26     1000      3146  166.00   73.00    0.00    0.00  239.00     3  15892.00      0.00 40919800 3283776  26.81  mono_euroc

# Time        UID       PID    %usr %system  %guest   %wait    %CPU   CPU  minflt/s  majflt/s     VSZ     RSS   %MEM  Command
19:15:27     1000      3146  181.00   76.00    0.00    0.00  257.00     2  16173.00      0.00 40924032 3289060  26.85  mono_euroc

# Time        UID       PID    %usr %system  %guest   %wait    %CPU   CPU  minflt/s  majflt/s     VSZ     RSS   %MEM  Command
19:15:28     1000      3146  173.00   53.00    0.00    0.00  226.00     2  16217.00      0.00 40919800 3286244  26.83  mono_euroc

# Time        UID       PID    %usr %system  %guest   %wait    %CPU   CPU  minflt/s  majflt/s     VSZ     RSS   %MEM  Command
19:15:29     1000      3146  173.27   75.25    0.00    0.00  248.51     4  15721.78      0.00 40919800 3286364  26.83  mono_euroc

# Time        UID       PID    %usr %system  %guest   %wait    %CPU   CPU  minflt/s  majflt/s     VSZ     RSS   %MEM  Command
19:15:30     1000      3146  181.00   73.00    0.00    0.00  254.00     0  17361.00      0.00 40919800 3288144  26.84  mono_euroc

# Time        UID       PID    %usr %system  %guest   %wait    %CPU   CPU  minflt/s  majflt/s     VSZ     RSS   %MEM  Command
19:15:31     1000      3146  179.00   77.00    0.00    0.00  256.00     7  16063.00      0.00 40919800 3288920  26.85  mono_euroc

# Time        UID       PID    %usr %system  %guest   %wait    %CPU   CPU  minflt/s  majflt/s     VSZ     RSS   %MEM  Command
19:15:32     1000      3146  180.00   77.00    0.00    0.00  257.00     5  14816.00      0.00 40919800 3288920  26.85  mono_euroc

# Time        UID       PID    %usr %system  %guest   %wait    %CPU   CPU  minflt/s  majflt/s     VSZ     RSS   %MEM  Command
19:15:33     1000      3146  161.00   68.00    0.00    0.00  229.00     5  15786.00      0.00 40924032 3292760  26.88  mono_euroc

# Time        UID       PID    %usr %system  %guest   %wait    %CPU   CPU  minflt/s  majflt/s     VSZ     RSS   %MEM  Command
19:15:34     1000      3146  180.00   80.00    0.00    1.00  260.00     1  16139.00      0.00 40919800 3287036  26.83  mono_euroc

# Time        UID       PID    %usr %system  %guest   %wait    %CPU   CPU  minflt/s  majflt/s     VSZ     RSS   %MEM  Command
19:15:35     1000      3146  174.00   87.00    0.00    0.00  261.00     5  14993.00      0.00 40919800 3287804  26.84  mono_euroc

# Time        UID       PID    %usr %system  %guest   %wait    %CPU   CPU  minflt/s  majflt/s     VSZ     RSS   %MEM  Command
19:15:36     1000      3146  162.00   83.00    0.00    0.00  245.00     4  17009.00      0.00 40919800 3288100  26.84  mono_euroc

# Time        UID       PID    %usr %system  %guest   %wait    %CPU   CPU  minflt/s  majflt/s     VSZ     RSS   %MEM  Command
19:15:37     1000      3146  162.00   75.00    0.00    0.00  237.00     2  15874.00      0.00 40919800 3288092  26.84  mono_euroc

# Time        UID       PID    %usr %system  %guest   %wait    %CPU   CPU  minflt/s  majflt/s     VSZ     RSS   %MEM  Command
19:15:38     1000      3146  158.00   73.00    0.00    0.00  231.00     1  15873.00      1.00 40919800 3288228  26.84  mono_euroc

# Time        UID       PID    %usr %system  %guest   %wait    %CPU   CPU  minflt/s  majflt/s     VSZ     RSS   %MEM  Command
19:15:39     1000      3146  134.00   64.00    0.00    0.00  198.00     1  16928.00      0.00 40919800 3288188  26.84  mono_euroc

# Time        UID       PID    %usr %system  %guest   %wait    %CPU   CPU  minflt/s  majflt/s     VSZ     RSS   %MEM  Command
19:15:40     1000      3146  150.00   63.00    0.00    0.00  213.00     2  14812.00      0.00 40919800 3288188  26.84  mono_euroc

# Time        UID       PID    %usr %system  %guest   %wait    %CPU   CPU  minflt/s  majflt/s     VSZ     RSS   %MEM  Command
19:15:41     1000      3146  169.00   77.00    0.00    0.00  246.00     4  15870.00      0.00 40924032 3292412  26.88  mono_euroc

# Time        UID       PID    %usr %system  %guest   %wait    %CPU   CPU  minflt/s  majflt/s     VSZ     RSS   %MEM  Command
19:15:42     1000      3146  178.00   79.00    0.00    0.00  257.00     6  14156.00      0.00 40919800 3289764  26.86  mono_euroc

# Time        UID       PID    %usr %system  %guest   %wait    %CPU   CPU  minflt/s  majflt/s     VSZ     RSS   %MEM  Command
19:15:43     1000      3146  173.00   82.00    0.00    1.00  255.00     7  14812.00      0.00 40919800 3289764  26.86  mono_euroc

# Time        UID       PID    %usr %system  %guest   %wait    %CPU   CPU  minflt/s  majflt/s     VSZ     RSS   %MEM  Command
19:15:44     1000      3146  169.00   79.00    0.00    0.00  248.00     6  16891.00      0.00 40924032 3293860  26.89  mono_euroc

# Time        UID       PID    %usr %system  %guest   %wait    %CPU   CPU  minflt/s  majflt/s     VSZ     RSS   %MEM  Command
19:15:45     1000      3146  176.00   69.00    0.00    0.00  245.00     1  16932.00      0.00 40919800 3293980  26.89  mono_euroc

# Time        UID       PID    %usr %system  %guest   %wait    %CPU   CPU  minflt/s  majflt/s     VSZ     RSS   %MEM  Command
19:15:46     1000      3146  173.00   69.00    0.00    0.00  242.00     1  15866.00      0.00 40919800 3293820  26.89  mono_euroc

# Time        UID       PID    %usr %system  %guest   %wait    %CPU   CPU  minflt/s  majflt/s     VSZ     RSS   %MEM  Command
19:15:47     1000      3146  175.00   77.00    0.00    0.00  252.00     0  18349.00      0.00 40919800 3295076  26.90  mono_euroc

# Time        UID       PID    %usr %system  %guest   %wait    %CPU   CPU  minflt/s  majflt/s     VSZ     RSS   %MEM  Command
19:15:48     1000      3146  159.00   77.00    0.00    0.00  236.00     1  17456.00      0.00 40924032 3299652  26.94  mono_euroc

# Time        UID       PID    %usr %system  %guest   %wait    %CPU   CPU  minflt/s  majflt/s     VSZ     RSS   %MEM  Command
19:15:49     1000      3146  174.00   65.00    0.00    0.00  239.00     1  16873.00      0.00 40919800 3298796  26.93  mono_euroc

# Time        UID       PID    %usr %system  %guest   %wait    %CPU   CPU  minflt/s  majflt/s     VSZ     RSS   %MEM  Command
19:15:50     1000      3146  172.00   73.00    0.00    0.00  245.00     6  17582.00      0.00 40924032 3305580  26.99  mono_euroc

# Time        UID       PID    %usr %system  %guest   %wait    %CPU   CPU  minflt/s  majflt/s     VSZ     RSS   %MEM  Command
19:15:51     1000      3146  180.00   68.00    0.00    0.00  248.00     7  16645.00      0.00 40919800 3304308  26.98  mono_euroc

# Time        UID       PID    %usr %system  %guest   %wait    %CPU   CPU  minflt/s  majflt/s     VSZ     RSS   %MEM  Command
19:15:52     1000      3146  174.00   81.00    0.00    0.00  255.00     4  14827.00      0.00 40919800 3304452  26.98  mono_euroc

# Time        UID       PID    %usr %system  %guest   %wait    %CPU   CPU  minflt/s  majflt/s     VSZ     RSS   %MEM  Command
19:15:53     1000      3146  136.00   54.00    0.00    1.00  190.00     6  17125.00      0.00 40919800 3305092  26.98  mono_euroc

# Time        UID       PID    %usr %system  %guest   %wait    %CPU   CPU  minflt/s  majflt/s     VSZ     RSS   %MEM  Command
19:15:54     1000      3146  120.00   58.00    0.00    0.00  178.00     0  15877.00      0.00 40919800 3305092  26.98  mono_euroc

# Time        UID       PID    %usr %system  %guest   %wait    %CPU   CPU  minflt/s  majflt/s     VSZ     RSS   %MEM  Command
19:15:56     1000      3146  187.00   70.00    0.00    0.00  257.00     5  15989.00      0.00 40919800 3305604  26.99  mono_euroc

# Time        UID       PID    %usr %system  %guest   %wait    %CPU   CPU  minflt/s  majflt/s     VSZ     RSS   %MEM  Command
19:15:57     1000      3146  198.00   65.00    0.00    0.00  263.00     3  17090.00      0.00 40919800 3314692  27.06  mono_euroc

# Time        UID       PID    %usr %system  %guest   %wait    %CPU   CPU  minflt/s  majflt/s     VSZ     RSS   %MEM  Command
19:15:58     1000      3146  180.00   83.00    0.00    0.00  263.00     7  14917.00      0.00 40927492 3314036  27.05  mono_euroc

# Time        UID       PID    %usr %system  %guest   %wait    %CPU   CPU  minflt/s  majflt/s     VSZ     RSS   %MEM  Command
19:15:59     1000      3146  191.00   65.00    0.00    0.00  256.00     0  14872.00      0.00 40919800 3314164  27.06  mono_euroc

# Time        UID       PID    %usr %system  %guest   %wait    %CPU   CPU  minflt/s  majflt/s     VSZ     RSS   %MEM  Command
19:16:00     1000      3146  172.00   79.00    0.00    0.00  251.00     1  15923.00      0.00 40919800 3314168  27.06  mono_euroc

# Time        UID       PID    %usr %system  %guest   %wait    %CPU   CPU  minflt/s  majflt/s     VSZ     RSS   %MEM  Command
19:16:01     1000      3146  184.00   65.00    0.00    0.00  249.00     4  14977.00      0.00 40919800 3314284  27.06  mono_euroc

# Time        UID       PID    %usr %system  %guest   %wait    %CPU   CPU  minflt/s  majflt/s     VSZ     RSS   %MEM  Command
19:16:02     1000      3146  176.00   75.00    0.00    0.00  251.00     1  16846.00      0.00 40924032 3318060  27.09  mono_euroc

# Time        UID       PID    %usr %system  %guest   %wait    %CPU   CPU  minflt/s  majflt/s     VSZ     RSS   %MEM  Command
19:16:03     1000      3146  180.00   88.00    0.00    0.00  268.00     1  14868.00      0.00 40924032 3318160  27.09  mono_euroc

# Time        UID       PID    %usr %system  %guest   %wait    %CPU   CPU  minflt/s  majflt/s     VSZ     RSS   %MEM  Command
19:16:04     1000      3146  197.00   72.00    0.00    1.00  269.00     0  14241.00      0.00 40925056 3319696  27.10  mono_euroc

# Time        UID       PID    %usr %system  %guest   %wait    %CPU   CPU  minflt/s  majflt/s     VSZ     RSS   %MEM  Command
19:16:05     1000      3146  190.00   74.00    0.00    0.00  264.00     2  15414.00      0.00 40920824 3313728  27.05  mono_euroc

# Time        UID       PID    %usr %system  %guest   %wait    %CPU   CPU  minflt/s  majflt/s     VSZ     RSS   %MEM  Command
19:16:06     1000      3146  187.00   72.00    0.00    0.00  259.00     5  15821.00      0.00 40925056 3317312  27.08  mono_euroc

# Time        UID       PID    %usr %system  %guest   %wait    %CPU   CPU  minflt/s  majflt/s     VSZ     RSS   %MEM  Command
19:16:07     1000      3146  179.00   67.00    0.00    0.00  246.00     3  15331.00      0.00 40941320 3314480  27.06  mono_euroc

# Time        UID       PID    %usr %system  %guest   %wait    %CPU   CPU  minflt/s  majflt/s     VSZ     RSS   %MEM  Command
19:16:08     1000      3146  186.00   82.00    0.00    0.00  268.00     3  15824.00      0.00 40925056 3318052  27.09  mono_euroc

# Time        UID       PID    %usr %system  %guest   %wait    %CPU   CPU  minflt/s  majflt/s     VSZ     RSS   %MEM  Command
19:16:09     1000      3146  187.00   72.00    0.00    0.00  259.00     0  16440.00      0.00 40986360 3316004  27.07  mono_euroc

# Time        UID       PID    %usr %system  %guest   %wait    %CPU   CPU  minflt/s  majflt/s     VSZ     RSS   %MEM  Command
19:16:10     1000      3146  192.00   70.00    0.00    0.00  262.00     3  18296.00      0.00 40986360 3325436  27.15  mono_euroc

# Time        UID       PID    %usr %system  %guest   %wait    %CPU   CPU  minflt/s  majflt/s     VSZ     RSS   %MEM  Command
19:16:11     1000      3146  179.00   70.00    0.00    0.00  249.00     2  16058.00      0.00 40986360 3326116  27.15  mono_euroc

# Time        UID       PID    %usr %system  %guest   %wait    %CPU   CPU  minflt/s  majflt/s     VSZ     RSS   %MEM  Command
19:16:12     1000      3146  175.00   67.00    0.00    0.00  242.00     2  18853.00      0.00 40986360 3338144  27.25  mono_euroc

# Time        UID       PID    %usr %system  %guest   %wait    %CPU   CPU  minflt/s  majflt/s     VSZ     RSS   %MEM  Command
19:16:13     1000      3146  186.00   71.00    0.00    0.00  257.00     2  15900.00      0.00 40986360 3338144  27.25  mono_euroc

# Time        UID       PID    %usr %system  %guest   %wait    %CPU   CPU  minflt/s  majflt/s     VSZ     RSS   %MEM  Command
19:16:14     1000      3146  187.00   73.00    0.00    0.00  260.00     4  15697.00      0.00 40990592 3341712  27.28  mono_euroc

# Time        UID       PID    %usr %system  %guest   %wait    %CPU   CPU  minflt/s  majflt/s     VSZ     RSS   %MEM  Command
19:16:15     1000      3146  195.00   75.00    0.00    0.00  270.00     7  15254.00      0.00 40990592 3343632  27.30  mono_euroc

# Time        UID       PID    %usr %system  %guest   %wait    %CPU   CPU  minflt/s  majflt/s     VSZ     RSS   %MEM  Command
19:16:16     1000      3146  186.00   67.00    0.00    1.00  253.00     3  15003.00      0.00 40990592 3341652  27.28  mono_euroc

# Time        UID       PID    %usr %system  %guest   %wait    %CPU   CPU  minflt/s  majflt/s     VSZ     RSS   %MEM  Command
19:16:17     1000      3146  180.00   62.00    0.00    0.00  242.00     0  16185.00      0.00 40986360 3341328  27.28  mono_euroc

# Time        UID       PID    %usr %system  %guest   %wait    %CPU   CPU  minflt/s  majflt/s     VSZ     RSS   %MEM  Command
19:16:18     1000      3146  181.00   82.00    0.00    0.00  263.00     4  15211.00      0.00 40986360 3342856  27.29  mono_euroc

# Time        UID       PID    %usr %system  %guest   %wait    %CPU   CPU  minflt/s  majflt/s     VSZ     RSS   %MEM  Command
19:16:19     1000      3146  199.00   59.00    0.00    0.00  258.00     4  13945.00      0.00 40986360 3343512  27.30  mono_euroc

# Time        UID       PID    %usr %system  %guest   %wait    %CPU   CPU  minflt/s  majflt/s     VSZ     RSS   %MEM  Command
19:16:20     1000      3146  185.00   69.00    0.00    0.00  254.00     5  16017.00      0.00 40986360 3344144  27.30  mono_euroc

# Time        UID       PID    %usr %system  %guest   %wait    %CPU   CPU  minflt/s  majflt/s     VSZ     RSS   %MEM  Command
19:16:21     1000      3146  185.00   63.00    0.00    0.00  248.00     4  16838.00      0.00 40990592 3344836  27.31  mono_euroc

# Time        UID       PID    %usr %system  %guest   %wait    %CPU   CPU  minflt/s  majflt/s     VSZ     RSS   %MEM  Command
19:16:22     1000      3146  198.00   71.00    0.00    0.00  269.00     4  17060.00      0.00 40986360 3349580  27.35  mono_euroc

# Time        UID       PID    %usr %system  %guest   %wait    %CPU   CPU  minflt/s  majflt/s     VSZ     RSS   %MEM  Command
19:16:23     1000      3146  200.00   68.00    0.00    0.00  268.00     3  13829.00      0.00 40986360 3349972  27.35  mono_euroc

# Time        UID       PID    %usr %system  %guest   %wait    %CPU   CPU  minflt/s  majflt/s     VSZ     RSS   %MEM  Command
19:16:24     1000      3146  189.00   70.00    0.00    0.00  259.00     0  14941.00      0.00 40986360 3350356  27.35  mono_euroc

# Time        UID       PID    %usr %system  %guest   %wait    %CPU   CPU  minflt/s  majflt/s     VSZ     RSS   %MEM  Command
19:16:25     1000      3146  190.00   66.00    0.00    0.00  256.00     6  15113.00      0.00 40986360 3351636  27.36  mono_euroc

# Time        UID       PID    %usr %system  %guest   %wait    %CPU   CPU  minflt/s  majflt/s     VSZ     RSS   %MEM  Command
19:16:26     1000      3146  189.00   73.00    0.00    1.00  262.00     4  16453.00      0.00 40986360 3353352  27.38  mono_euroc

# Time        UID       PID    %usr %system  %guest   %wait    %CPU   CPU  minflt/s  majflt/s     VSZ     RSS   %MEM  Command
19:16:27     1000      3146  199.00   59.00    0.00    0.00  258.00     4  15000.00      0.00 40986360 3353868  27.38  mono_euroc

# Time        UID       PID    %usr %system  %guest   %wait    %CPU   CPU  minflt/s  majflt/s     VSZ     RSS   %MEM  Command
19:16:28     1000      3146  193.00   64.00    0.00    0.00  257.00     1  15021.00      0.00 40986360 3354728  27.39  mono_euroc

# Time        UID       PID    %usr %system  %guest   %wait    %CPU   CPU  minflt/s  majflt/s     VSZ     RSS   %MEM  Command
19:16:30     1000      3146  183.00   70.00    0.00    0.00  253.00     4  15957.00      0.00 40986360 3354936  27.39  mono_euroc

# Time        UID       PID    %usr %system  %guest   %wait    %CPU   CPU  minflt/s  majflt/s     VSZ     RSS   %MEM  Command
19:16:31     1000      3146  171.00   72.00    0.00    0.00  243.00     5  14867.00      0.00 40986360 3355192  27.39  mono_euroc

# Time        UID       PID    %usr %system  %guest   %wait    %CPU   CPU  minflt/s  majflt/s     VSZ     RSS   %MEM  Command
19:16:32     1000      3146  185.00   75.00    0.00    0.00  260.00     6  15941.00      0.00 40986360 3355448  27.39  mono_euroc

# Time        UID       PID    %usr %system  %guest   %wait    %CPU   CPU  minflt/s  majflt/s     VSZ     RSS   %MEM  Command
19:16:33     1000      3146  189.00   69.00    0.00    0.00  258.00     4  15160.00      0.00 40986360 3356496  27.40  mono_euroc

# Time        UID       PID    %usr %system  %guest   %wait    %CPU   CPU  minflt/s  majflt/s     VSZ     RSS   %MEM  Command
19:16:34     1000      3146  180.00   63.00    0.00    1.00  243.00     4  14901.00      0.00 40986360 3356880  27.40  mono_euroc

# Time        UID       PID    %usr %system  %guest   %wait    %CPU   CPU  minflt/s  majflt/s     VSZ     RSS   %MEM  Command
19:16:35     1000      3146  190.00   63.00    0.00    0.00  253.00     3  15124.00      0.00 40986360 3358032  27.41  mono_euroc

# Time        UID       PID    %usr %system  %guest   %wait    %CPU   CPU  minflt/s  majflt/s     VSZ     RSS   %MEM  Command
19:16:36     1000      3146  200.00   70.00    0.00    0.00  270.00     4  14903.00      0.00 40986360 3358408  27.42  mono_euroc

# Time        UID       PID    %usr %system  %guest   %wait    %CPU   CPU  minflt/s  majflt/s     VSZ     RSS   %MEM  Command
19:16:37     1000      3146  188.00   64.00    0.00    0.00  252.00     1  16057.00      0.00 40990592 3359884  27.43  mono_euroc

# Time        UID       PID    %usr %system  %guest   %wait    %CPU   CPU  minflt/s  majflt/s     VSZ     RSS   %MEM  Command
19:16:38     1000      3146  189.00   61.00    0.00    0.00  250.00     0  16499.00      0.00 40990592 3361484  27.44  mono_euroc

# Time        UID       PID    %usr %system  %guest   %wait    %CPU   CPU  minflt/s  majflt/s     VSZ     RSS   %MEM  Command
19:16:39     1000      3146  188.00   67.00    0.00    0.00  255.00     2  15392.00      0.00 40990592 3359116  27.42  mono_euroc

# Time        UID       PID    %usr %system  %guest   %wait    %CPU   CPU  minflt/s  majflt/s     VSZ     RSS   %MEM  Command
19:16:40     1000      3146  171.00   62.00    0.00    0.00  233.00     6  17397.00      0.00 40986360 3360908  27.44  mono_euroc

# Time        UID       PID    %usr %system  %guest   %wait    %CPU   CPU  minflt/s  majflt/s     VSZ     RSS   %MEM  Command
19:16:41     1000      3146  188.00   70.00    0.00    0.00  258.00     7  15767.00      0.00 40990592 3364620  27.47  mono_euroc

# Time        UID       PID    %usr %system  %guest   %wait    %CPU   CPU  minflt/s  majflt/s     VSZ     RSS   %MEM  Command
19:16:42     1000      3146  180.00   67.00    0.00    0.00  247.00     7  15044.00      0.00 40986360 3361292  27.44  mono_euroc

# Time        UID       PID    %usr %system  %guest   %wait    %CPU   CPU  minflt/s  majflt/s     VSZ     RSS   %MEM  Command
19:16:43     1000      3146  179.00   77.00    0.00    1.00  256.00     0  15922.00      0.00 40986360 3361420  27.44  mono_euroc

# Time        UID       PID    %usr %system  %guest   %wait    %CPU   CPU  minflt/s  majflt/s     VSZ     RSS   %MEM  Command
19:16:44     1000      3146  190.00   67.00    0.00    0.00  257.00     4  13870.00      0.00 40986360 3361804  27.44  mono_euroc

# Time        UID       PID    %usr %system  %guest   %wait    %CPU   CPU  minflt/s  majflt/s     VSZ     RSS   %MEM  Command
19:16:45     1000      3146  187.00   71.00    0.00    0.00  258.00     2  15517.00      0.00 40986360 3364748  27.47  mono_euroc

# Time        UID       PID    %usr %system  %guest   %wait    %CPU   CPU  minflt/s  majflt/s     VSZ     RSS   %MEM  Command
19:16:46     1000      3146  195.00   73.00    0.00    0.00  268.00     6  14196.00      0.00 40990592 3366412  27.48  mono_euroc

# Time        UID       PID    %usr %system  %guest   %wait    %CPU   CPU  minflt/s  majflt/s     VSZ     RSS   %MEM  Command
19:16:47     1000      3146  190.00   76.00    0.00    0.00  266.00     2  16364.00      0.00 40990592 3374916  27.55  mono_euroc

# Time        UID       PID    %usr %system  %guest   %wait    %CPU   CPU  minflt/s  majflt/s     VSZ     RSS   %MEM  Command
19:16:48     1000      3146  191.00   67.00    0.00    0.00  258.00     7  16871.00      0.00 40986360 3374660  27.55  mono_euroc

# Time        UID       PID    %usr %system  %guest   %wait    %CPU   CPU  minflt/s  majflt/s     VSZ     RSS   %MEM  Command
19:16:49     1000      3146  190.00   66.00    0.00    0.00  256.00     2  15414.00      0.00 40990592 3376964  27.57  mono_euroc

# Time        UID       PID    %usr %system  %guest   %wait    %CPU   CPU  minflt/s  majflt/s     VSZ     RSS   %MEM  Command
19:16:50     1000      3146  188.00   69.00    0.00    0.00  257.00     3  15029.00      0.00 40990592 3381852  27.61  mono_euroc

# Time        UID       PID    %usr %system  %guest   %wait    %CPU   CPU  minflt/s  majflt/s     VSZ     RSS   %MEM  Command
19:16:51     1000      3146  192.00   58.00    0.00    0.00  250.00     2  15070.00      0.00 40986360 3378756  27.58  mono_euroc

# Time        UID       PID    %usr %system  %guest   %wait    %CPU   CPU  minflt/s  majflt/s     VSZ     RSS   %MEM  Command
19:16:52     1000      3146  183.00   84.00    0.00    1.00  267.00     2  15934.00      0.00 40986360 3379012  27.59  mono_euroc

# Time        UID       PID    %usr %system  %guest   %wait    %CPU   CPU  minflt/s  majflt/s     VSZ     RSS   %MEM  Command
19:16:53     1000      3146  182.00   81.00    0.00    0.00  263.00     7  14974.00      0.00 40986360 3383828  27.62  mono_euroc

# Time        UID       PID    %usr %system  %guest   %wait    %CPU   CPU  minflt/s  majflt/s     VSZ     RSS   %MEM  Command
19:16:54     1000      3146  199.00   64.00    0.00    0.00  263.00     5  14864.00      0.00 40986360 3383956  27.63  mono_euroc

# Time        UID       PID    %usr %system  %guest   %wait    %CPU   CPU  minflt/s  majflt/s     VSZ     RSS   %MEM  Command
19:16:55     1000      3146  185.00   65.00    0.00    0.00  250.00     5  14933.00      0.00 40986360 3384148  27.63  mono_euroc

# Time        UID       PID    %usr %system  %guest   %wait    %CPU   CPU  minflt/s  majflt/s     VSZ     RSS   %MEM  Command
19:16:56     1000      3146  186.00   69.00    0.00    0.00  255.00     2  15931.00      0.00 40986360 3384276  27.63  mono_euroc

# Time        UID       PID    %usr %system  %guest   %wait    %CPU   CPU  minflt/s  majflt/s     VSZ     RSS   %MEM  Command
19:16:57     1000      3146  193.00   81.00    0.00    0.00  274.00     2  13262.00      0.00 40986360 3386348  27.65  mono_euroc

# Time        UID       PID    %usr %system  %guest   %wait    %CPU   CPU  minflt/s  majflt/s     VSZ     RSS   %MEM  Command
19:16:58     1000      3146  189.00   62.00    0.00    0.00  251.00     4  15672.00      0.00 40986360 3389148  27.67  mono_euroc

# Time        UID       PID    %usr %system  %guest   %wait    %CPU   CPU  minflt/s  majflt/s     VSZ     RSS   %MEM  Command
19:16:59     1000      3146  199.00   73.00    0.00    0.00  272.00     6  13249.00      0.00 40990592 3390408  27.68  mono_euroc

# Time        UID       PID    %usr %system  %guest   %wait    %CPU   CPU  minflt/s  majflt/s     VSZ     RSS   %MEM  Command
19:17:00     1000      3146  198.00   64.00    0.00    1.00  262.00     6  16556.00      0.00 40986360 3392312  27.69  mono_euroc

# Time        UID       PID    %usr %system  %guest   %wait    %CPU   CPU  minflt/s  majflt/s     VSZ     RSS   %MEM  Command
19:17:01     1000      3146  188.00   62.00    0.00    0.00  250.00     2  15351.00      0.00 40986360 3393492  27.70  mono_euroc

# Time        UID       PID    %usr %system  %guest   %wait    %CPU   CPU  minflt/s  majflt/s     VSZ     RSS   %MEM  Command
19:17:02     1000      3146  184.16   67.33    0.00    0.00  251.49     2  16449.50      0.00 41051896 3395728  27.72  mono_euroc

# Time        UID       PID    %usr %system  %guest   %wait    %CPU   CPU  minflt/s  majflt/s     VSZ     RSS   %MEM  Command
19:17:03     1000      3146  188.00   60.00    0.00    0.00  248.00     5  15487.00      0.00 41051896 3397300  27.73  mono_euroc

# Time        UID       PID    %usr %system  %guest   %wait    %CPU   CPU  minflt/s  majflt/s     VSZ     RSS   %MEM  Command
19:17:04     1000      3146  194.00   62.00    0.00    0.00  256.00     6  15071.00      0.00 41051896 3397352  27.74  mono_euroc

# Time        UID       PID    %usr %system  %guest   %wait    %CPU   CPU  minflt/s  majflt/s     VSZ     RSS   %MEM  Command
19:17:05     1000      3146  190.00   55.00    0.00    0.00  245.00     7  16345.00      0.00 41051896 3398612  27.75  mono_euroc

# Time        UID       PID    %usr %system  %guest   %wait    %CPU   CPU  minflt/s  majflt/s     VSZ     RSS   %MEM  Command
19:17:06     1000      3146  206.00   56.00    0.00    0.00  262.00     0  15304.00      0.00 41056128 3403596  27.79  mono_euroc

# Time        UID       PID    %usr %system  %guest   %wait    %CPU   CPU  minflt/s  majflt/s     VSZ     RSS   %MEM  Command
19:17:07     1000      3146  200.00   64.00    0.00    0.00  264.00     1  14367.00      0.00 41051896 3401444  27.77  mono_euroc

# Time        UID       PID    %usr %system  %guest   %wait    %CPU   CPU  minflt/s  majflt/s     VSZ     RSS   %MEM  Command
19:17:08     1000      3146  187.00   63.00    0.00    1.00  250.00     5  15432.00      0.00 41051896 3403876  27.79  mono_euroc

# Time        UID       PID    %usr %system  %guest   %wait    %CPU   CPU  minflt/s  majflt/s     VSZ     RSS   %MEM  Command
19:17:09     1000      3146  189.00   59.00    0.00    0.00  248.00     4  16391.00      0.00 41051896 3405924  27.81  mono_euroc

# Time        UID       PID    %usr %system  %guest   %wait    %CPU   CPU  minflt/s  majflt/s     VSZ     RSS   %MEM  Command
19:17:10     1000      3146  193.00   66.00    0.00    0.00  259.00     1  15213.00      0.00 41051896 3407416  27.82  mono_euroc

# Time        UID       PID    %usr %system  %guest   %wait    %CPU   CPU  minflt/s  majflt/s     VSZ     RSS   %MEM  Command
19:17:11     1000      3146  190.00   64.00    0.00    1.00  254.00     1  17046.00      0.00 41056128 3416248  27.89  mono_euroc

# Time        UID       PID    %usr %system  %guest   %wait    %CPU   CPU  minflt/s  majflt/s     VSZ     RSS   %MEM  Command
19:17:12     1000      3146  186.00   72.00    0.00    0.00  258.00     0  15044.00      0.00 41051896 3412964  27.86  mono_euroc

# Time        UID       PID    %usr %system  %guest   %wait    %CPU   CPU  minflt/s  majflt/s     VSZ     RSS   %MEM  Command
19:17:13     1000      3146  212.00   61.00    0.00    0.00  273.00     2  14564.00      0.00 41051896 3415756  27.89  mono_euroc

# Time        UID       PID    %usr %system  %guest   %wait    %CPU   CPU  minflt/s  majflt/s     VSZ     RSS   %MEM  Command
19:17:14     1000      3146  196.00   68.00    0.00    0.00  264.00     5  16145.00      0.00 41051896 3421132  27.93  mono_euroc

# Time        UID       PID    %usr %system  %guest   %wait    %CPU   CPU  minflt/s  majflt/s     VSZ     RSS   %MEM  Command
19:17:15     1000      3146  203.00   61.00    0.00    0.00  264.00     5  16592.00      0.00 41115352 3423532  27.95  mono_euroc

# Time        UID       PID    %usr %system  %guest   %wait    %CPU   CPU  minflt/s  majflt/s     VSZ     RSS   %MEM  Command
19:17:16     1000      3146  195.00   56.00    0.00    0.00  251.00     4  15627.00      0.00 41051896 3426412  27.97  mono_euroc

# Time        UID       PID    %usr %system  %guest   %wait    %CPU   CPU  minflt/s  majflt/s     VSZ     RSS   %MEM  Command
19:17:17     1000      3146  199.00   56.00    0.00    0.00  255.00     6  15104.00      0.00 41051896 3426712  27.97  mono_euroc

# Time        UID       PID    %usr %system  %guest   %wait    %CPU   CPU  minflt/s  majflt/s     VSZ     RSS   %MEM  Command
19:17:18     1000      3146  190.00   71.00    0.00    0.00  261.00     6  16074.00      0.00 41051896 3427084  27.98  mono_euroc

# Time        UID       PID    %usr %system  %guest   %wait    %CPU   CPU  minflt/s  majflt/s     VSZ     RSS   %MEM  Command
19:17:19     1000      3146  201.00   61.00    0.00    0.00  262.00     2  16375.00      0.00 41051896 3432400  28.02  mono_euroc

# Time        UID       PID    %usr %system  %guest   %wait    %CPU   CPU  minflt/s  majflt/s     VSZ     RSS   %MEM  Command
19:17:20     1000      3146  211.00   69.00    0.00    0.00  280.00     3  13998.00      0.00 41051896 3432472  28.02  mono_euroc

# Time        UID       PID    %usr %system  %guest   %wait    %CPU   CPU  minflt/s  majflt/s     VSZ     RSS   %MEM  Command
19:17:21     1000      3146  206.00   70.00    0.00    0.00  276.00     2  14959.00      0.00 41056128 3436240  28.05  mono_euroc

# Time        UID       PID    %usr %system  %guest   %wait    %CPU   CPU  minflt/s  majflt/s     VSZ     RSS   %MEM  Command
19:17:22     1000      3146  196.00   59.00    0.00    1.00  255.00     4  16098.00      0.00 41117432 3436600  28.06  mono_euroc

# Time        UID       PID    %usr %system  %guest   %wait    %CPU   CPU  minflt/s  majflt/s     VSZ     RSS   %MEM  Command
19:17:23     1000      3146  212.00   52.00    0.00    0.00  264.00     6  15652.00      0.00 41117432 3439928  28.08  mono_euroc

# Time        UID       PID    %usr %system  %guest   %wait    %CPU   CPU  minflt/s  majflt/s     VSZ     RSS   %MEM  Command
19:17:24     1000      3146  198.00   65.00    0.00    0.00  263.00     5  16098.00      0.00 41117432 3440696  28.09  mono_euroc

# Time        UID       PID    %usr %system  %guest   %wait    %CPU   CPU  minflt/s  majflt/s     VSZ     RSS   %MEM  Command
19:17:25     1000      3146  193.00   70.00    0.00    0.00  263.00     7  15075.00      0.00 41117432 3441848  28.10  mono_euroc

# Time        UID       PID    %usr %system  %guest   %wait    %CPU   CPU  minflt/s  majflt/s     VSZ     RSS   %MEM  Command
19:17:26     1000      3146  200.00   71.00    0.00    0.00  271.00     0  15135.00      0.00 41117432 3443112  28.11  mono_euroc

# Time        UID       PID    %usr %system  %guest   %wait    %CPU   CPU  minflt/s  majflt/s     VSZ     RSS   %MEM  Command
19:17:27     1000      3146  193.00   67.00    0.00    0.00  260.00     1  15090.00      0.00 41117432 3444136  28.12  mono_euroc

# Time        UID       PID    %usr %system  %guest   %wait    %CPU   CPU  minflt/s  majflt/s     VSZ     RSS   %MEM  Command
19:17:28     1000      3146  197.00   56.00    0.00    0.00  253.00     4  14022.00      0.00 41117432 3445152  28.13  mono_euroc

# Time        UID       PID    %usr %system  %guest   %wait    %CPU   CPU  minflt/s  majflt/s     VSZ     RSS   %MEM  Command
19:17:29     1000      3146  187.00   60.00    0.00    0.00  247.00     6  15894.00      0.00 41117432 3445304  28.13  mono_euroc

# Time        UID       PID    %usr %system  %guest   %wait    %CPU   CPU  minflt/s  majflt/s     VSZ     RSS   %MEM  Command
19:17:30     1000      3146  196.00   71.00    0.00    0.00  267.00     1  15518.00      0.00 41117432 3448128  28.15  mono_euroc

# Time        UID       PID    %usr %system  %guest   %wait    %CPU   CPU  minflt/s  majflt/s     VSZ     RSS   %MEM  Command
19:17:31     1000      3146  204.00   58.00    0.00    0.00  262.00     5  14908.00      0.00 41117432 3448504  28.15  mono_euroc

# Time        UID       PID    %usr %system  %guest   %wait    %CPU   CPU  minflt/s  majflt/s     VSZ     RSS   %MEM  Command
19:17:32     1000      3146  205.00   60.00    0.00    0.00  265.00     6  13842.00      0.00 41117432 3448888  28.16  mono_euroc

# Time        UID       PID    %usr %system  %guest   %wait    %CPU   CPU  minflt/s  majflt/s     VSZ     RSS   %MEM  Command
19:17:33     1000      3146  211.00   56.00    0.00    1.00  267.00     3  13995.00      0.00 41117432 3449784  28.16  mono_euroc

# Time        UID       PID    %usr %system  %guest   %wait    %CPU   CPU  minflt/s  majflt/s     VSZ     RSS   %MEM  Command
19:17:35     1000      3146  199.00   67.00    0.00    0.00  266.00     3  13904.00      0.00 41117432 3450384  28.17  mono_euroc

# Time        UID       PID    %usr %system  %guest   %wait    %CPU   CPU  minflt/s  majflt/s     VSZ     RSS   %MEM  Command
19:17:36     1000      3146  209.00   62.00    0.00    0.00  271.00     6  14942.00      0.00 41117432 3450880  28.17  mono_euroc

# Time        UID       PID    %usr %system  %guest   %wait    %CPU   CPU  minflt/s  majflt/s     VSZ     RSS   %MEM  Command
19:17:37     1000      3146  200.00   67.00    0.00    0.00  267.00     7  14984.00      0.00 41117432 3451532  28.18  mono_euroc

# Time        UID       PID    %usr %system  %guest   %wait    %CPU   CPU  minflt/s  majflt/s     VSZ     RSS   %MEM  Command
19:17:38     1000      3146  197.00   78.00    0.00    0.00  275.00     2  15769.00      0.00 41117432 3455372  28.21  mono_euroc

# Time        UID       PID    %usr %system  %guest   %wait    %CPU   CPU  minflt/s  majflt/s     VSZ     RSS   %MEM  Command
19:17:39     1000      3146  199.00   65.00    0.00    0.00  264.00     1  13825.00      0.00 41117432 3455756  28.21  mono_euroc

# Time        UID       PID    %usr %system  %guest   %wait    %CPU   CPU  minflt/s  majflt/s     VSZ     RSS   %MEM  Command
19:17:40     1000      3146  188.00   74.00    0.00    0.00  262.00     1  15157.00      0.00 41117432 3456956  28.22  mono_euroc

# Time        UID       PID    %usr %system  %guest   %wait    %CPU   CPU  minflt/s  majflt/s     VSZ     RSS   %MEM  Command
19:17:41     1000      3146  194.00   65.00    0.00    0.00  259.00     1  15103.00      0.00 41117432 3458284  28.23  mono_euroc

# Time        UID       PID    %usr %system  %guest   %wait    %CPU   CPU  minflt/s  majflt/s     VSZ     RSS   %MEM  Command
19:17:42     1000      3146  190.00   71.00    0.00    0.00  261.00     1  15713.00      0.00 41117432 3461888  28.26  mono_euroc

# Time        UID       PID    %usr %system  %guest   %wait    %CPU   CPU  minflt/s  majflt/s     VSZ     RSS   %MEM  Command
19:17:43     1000      3146  189.00   68.00    0.00    0.00  257.00     4  15309.00      0.00 41117432 3463824  28.28  mono_euroc

# Time        UID       PID    %usr %system  %guest   %wait    %CPU   CPU  minflt/s  majflt/s     VSZ     RSS   %MEM  Command
19:17:44     1000      3146  201.00   70.00    0.00    0.00  271.00     5  15864.00      0.00 41117432 3468092  28.31  mono_euroc

# Time        UID       PID    %usr %system  %guest   %wait    %CPU   CPU  minflt/s  majflt/s     VSZ     RSS   %MEM  Command
19:17:45     1000      3146  200.00   67.00    0.00    0.00  267.00     2  14641.00      0.00 41121664 3471548  28.34  mono_euroc

# Time        UID       PID    %usr %system  %guest   %wait    %CPU   CPU  minflt/s  majflt/s     VSZ     RSS   %MEM  Command
19:17:46     1000      3146  205.00   66.00    0.00    0.00  271.00     2  16478.00      0.00 41121664 3478332  28.40  mono_euroc

# Time        UID       PID    %usr %system  %guest   %wait    %CPU   CPU  minflt/s  majflt/s     VSZ     RSS   %MEM  Command
19:17:47     1000      3146  209.00   63.00    0.00    0.00  272.00     1  15259.00      0.00 41117432 3475900  28.38  mono_euroc

# Time        UID       PID    %usr %system  %guest   %wait    %CPU   CPU  minflt/s  majflt/s     VSZ     RSS   %MEM  Command
19:17:48     1000      3146  194.00   68.00    0.00    1.00  262.00     1  15141.00      0.00 41117432 3477184  28.39  mono_euroc

# Time        UID       PID    %usr %system  %guest   %wait    %CPU   CPU  minflt/s  majflt/s     VSZ     RSS   %MEM  Command
19:17:49     1000      3146  178.00   67.00    0.00    0.00  245.00     6  14843.00      0.00 41117432 3477312  28.39  mono_euroc

# Time        UID       PID    %usr %system  %guest   %wait    %CPU   CPU  minflt/s  majflt/s     VSZ     RSS   %MEM  Command
19:17:50     1000      3146  189.00   67.00    0.00    0.00  256.00     6  17160.00      0.00 41117432 3482364  28.43  mono_euroc

# Time        UID       PID    %usr %system  %guest   %wait    %CPU   CPU  minflt/s  majflt/s     VSZ     RSS   %MEM  Command
19:17:51     1000      3146  199.00   63.00    0.00    0.00  262.00     0  14094.00      0.00 41117432 3483772  28.44  mono_euroc

# Time        UID       PID    %usr %system  %guest   %wait    %CPU   CPU  minflt/s  majflt/s     VSZ     RSS   %MEM  Command
19:17:52     1000      3146  198.00   66.00    0.00    0.00  264.00     1  14818.00      0.00 41117432 3483772  28.44  mono_euroc

# Time        UID       PID    %usr %system  %guest   %wait    %CPU   CPU  minflt/s  majflt/s     VSZ     RSS   %MEM  Command
19:17:53     1000      3146  221.00   62.00    0.00    0.00  283.00     1  14949.00      0.00 41117432 3488252  28.48  mono_euroc

# Time        UID       PID    %usr %system  %guest   %wait    %CPU   CPU  minflt/s  majflt/s     VSZ     RSS   %MEM  Command
19:17:54     1000      3146  211.00   58.00    0.00    0.00  269.00     1  15383.00      0.00 41117432 3490556  28.50  mono_euroc

# Time        UID       PID    %usr %system  %guest   %wait    %CPU   CPU  minflt/s  majflt/s     VSZ     RSS   %MEM  Command
19:17:55     1000      3146  188.00   72.00    0.00    0.00  260.00     1  14940.00      0.00 41117432 3491136  28.50  mono_euroc

# Time        UID       PID    %usr %system  %guest   %wait    %CPU   CPU  minflt/s  majflt/s     VSZ     RSS   %MEM  Command
19:17:56     1000      3146  200.00   65.00    0.00    0.00  265.00     7  13767.00      0.00 41121664 3495360  28.54  mono_euroc

# Time        UID       PID    %usr %system  %guest   %wait    %CPU   CPU  minflt/s  majflt/s     VSZ     RSS   %MEM  Command
19:17:57     1000      3146  193.00   66.00    0.00    0.00  259.00     6  14981.00      0.00 41117432 3491776  28.51  mono_euroc

# Time        UID       PID    %usr %system  %guest   %wait    %CPU   CPU  minflt/s  majflt/s     VSZ     RSS   %MEM  Command
19:17:58     1000      3146  193.00   56.00    0.00    0.00  249.00     2  15431.00      0.00 41117432 3494112  28.52  mono_euroc

# Time        UID       PID    %usr %system  %guest   %wait    %CPU   CPU  minflt/s  majflt/s     VSZ     RSS   %MEM  Command
19:17:59     1000      3146  191.00   66.00    0.00    1.00  257.00     0  15066.00      0.00 41117432 3495264  28.53  mono_euroc

# Time        UID       PID    %usr %system  %guest   %wait    %CPU   CPU  minflt/s  majflt/s     VSZ     RSS   %MEM  Command
19:18:00     1000      3146  196.00   68.00    0.00    0.00  264.00     3  13984.00      0.00 41117432 3496288  28.54  mono_euroc

# Time        UID       PID    %usr %system  %guest   %wait    %CPU   CPU  minflt/s  majflt/s     VSZ     RSS   %MEM  Command
19:18:01     1000      3146  191.00   57.00    0.00    0.00  248.00     3  14820.00      0.00 41117432 3496168  28.54  mono_euroc

# Time        UID       PID    %usr %system  %guest   %wait    %CPU   CPU  minflt/s  majflt/s     VSZ     RSS   %MEM  Command
19:18:02     1000      3146  183.00   75.00    0.00    0.00  258.00     5  15139.00      0.00 41117432 3497664  28.55  mono_euroc

# Time        UID       PID    %usr %system  %guest   %wait    %CPU   CPU  minflt/s  majflt/s     VSZ     RSS   %MEM  Command
19:18:03     1000      3146  202.00   69.00    0.00    0.00  271.00     2  15935.00      0.00 41121664 3499252  28.57  mono_euroc

# Time        UID       PID    %usr %system  %guest   %wait    %CPU   CPU  minflt/s  majflt/s     VSZ     RSS   %MEM  Command
19:18:04     1000      3146   96.00   36.00    0.00    0.00  132.00     2   6477.00    220.00 41110176 3509852  28.65  mono_euroc

# Time        UID       PID    %usr %system  %guest   %wait    %CPU   CPU  minflt/s  majflt/s     VSZ     RSS   %MEM  Command
